id,title,description,availability,condition,price,link,image_link,brand,quantity_to_sell_on_facebook,sale_price,sale_price_effective_date,color,size,age_group,material,pattern,shipping,shipping_weight,gtin,video[0].url,video[0].tag[0],style[0]
A001044,Luxury Thai Beef Salad,Grilled Beef | Mint | Puffed Rice Noodles | Cilantro | Thai Nampla Dressing (SF),in stock,new,60.00 AED,https://yourwebsite.com/menu/A001044,http://43.205.113.48/iposapi/images/Item10442.png,Restaurant,100,,,,,all ages,,,,,A001044,,,
502028,Poke Bowl Ceviche,Poke Bowl Ceviche from Salad category,in stock,new,79.00 AED,https://yourwebsite.com/menu/502028,http://43.205.113.48/iposapi/images/Cat12.png,Restaurant,100,,,,,all ages,,,,,502028,,,
502020,POKE BOWL CHICKEN,POKE BOWL CHICKEN from Salad category,in stock,new,75.00 AED,https://yourwebsite.com/menu/502020,http://43.205.113.48/iposapi/images/Cat12.png,Restaurant,100,,,,,all ages,,,,,502020,,,
502025,watermelon Feta salad,watermelon Feta salad from Salad category,in stock,new,69.00 AED,https://yourwebsite.com/menu/502025,http://43.205.113.48/iposapi/images/Cat12.png,Restaurant,100,,,,,all ages,,,,,502025,,,
A001046,Butter Chicken,Biryani Rice | Pappadam | Mint Raita | Mango Chutney,in stock,new,50.00 AED,https://yourwebsite.com/menu/A001046,http://43.205.113.48/iposapi/images/Item10462.png,Restaurant,100,,,,,all ages,,,,,A001046,,,
A001049,Chana Masala,Chana Masala from Main Dishes category,in stock,new,40.00 AED,https://yourwebsite.com/menu/A001049,http://43.205.113.48/iposapi/images/Cat52.png,Restaurant,100,,,,,all ages,,,,,A001049,,,
123,Chicken Biriyani,Chicken Biriyani from Main Dishes category,in stock,new,20.00 AED,https://yourwebsite.com/menu/123,http://43.205.113.48/iposapi/images/Cat52.png,Restaurant,100,,,,,all ages,,,,,123,,,
A001038,chicken tikka masala,chicken tikka masala from Main Dishes category,in stock,new,45.00 AED,https://yourwebsite.com/menu/A001038,http://43.205.113.48/iposapi/images/Cat52.png,Restaurant,100,,,,,all ages,,,,,A001038,,,
A001050,FISH TIKKA MASALA,FISH TIKKA MASALA from Main Dishes category,in stock,new,55.00 AED,https://yourwebsite.com/menu/A001050,http://43.205.113.48/iposapi/images/Item10502.png,Restaurant,100,,,,,all ages,,,,,A001050,,,
502027,Grilled Salmon Spring Vegetable,Grilled Salmon Spring Vegetable from Main Dishes category,in stock,new,119.00 AED,https://yourwebsite.com/menu/502027,http://43.205.113.48/iposapi/images/Cat52.png,Restaurant,100,,,,,all ages,,,,,502027,,,
502023,Laduree Quiche,Laduree Quiche from Main Dishes category,in stock,new,59.00 AED,https://yourwebsite.com/menu/502023,http://43.205.113.48/iposapi/images/Cat52.png,Restaurant,100,,,,,all ages,,,,,502023,,,
502021,Pea n Morel Risotto,Pea n Morel Risotto from Main Dishes category,in stock,new,79.00 AED,https://yourwebsite.com/menu/502021,http://43.205.113.48/iposapi/images/Cat52.png,Restaurant,100,,,,,all ages,,,,,502021,,,
502022,Penne Arrabiata Sauce,Penne Arrabiata Sauce from Main Dishes category,in stock,new,75.00 AED,https://yourwebsite.com/menu/502022,http://43.205.113.48/iposapi/images/Cat52.png,Restaurant,100,,,,,all ages,,,,,502022,,,
502009,Rigatoni Arrabiata,Rigatoni Arrabiata from Main Dishes category,in stock,new,69.00 AED,https://yourwebsite.com/menu/502009,http://43.205.113.48/iposapi/images/Cat52.png,Restaurant,100,,,,,all ages,,,,,502009,,,
502006,Saffron risotto chicken,Saffron risotto chicken from Main Dishes category,in stock,new,105.00 AED,https://yourwebsite.com/menu/502006,http://43.205.113.48/iposapi/images/Cat52.png,Restaurant,100,,,,,all ages,,,,,502006,,,
502007,Saffron risotto Prawns,Saffron risotto Prawns from Main Dishes category,in stock,new,119.00 AED,https://yourwebsite.com/menu/502007,http://43.205.113.48/iposapi/images/Cat52.png,Restaurant,100,,,,,all ages,,,,,502007,,,
502011,Saffron Risotto Regular,Saffron Risotto Regular from Main Dishes category,in stock,new,89.00 AED,https://yourwebsite.com/menu/502011,http://43.205.113.48/iposapi/images/Cat52.png,Restaurant,100,,,,,all ages,,,,,502011,,,
A001051,TAMIL CHICKEN CURRY,TAMIL CHICKEN CURRY from Main Dishes category,in stock,new,50.00 AED,https://yourwebsite.com/menu/A001051,http://43.205.113.48/iposapi/images/Item10512.png,Restaurant,100,,,,,all ages,,,,,A001051,,,
502008,Truffle mushroom risotto,Truffle mushroom risotto from Main Dishes category,in stock,new,99.00 AED,https://yourwebsite.com/menu/502008,http://43.205.113.48/iposapi/images/Cat52.png,Restaurant,100,,,,,all ages,,,,,502008,,,
502005,Vol au vent,Vol au vent from Main Dishes category,in stock,new,139.00 AED,https://yourwebsite.com/menu/502005,http://43.205.113.48/iposapi/images/Cat52.png,Restaurant,100,,,,,all ages,,,,,502005,,,
800062,Gold/Silver,Gold/Silver from Macarons category,in stock,new,4.00 AED,https://yourwebsite.com/menu/800062,http://43.205.113.48/iposapi/images/Cat72.png,Restaurant,100,,,,,all ages,,,,,800062,,,
503406,MAC MINI  VANILLA,MAC MINI  VANILLA from Macarons category,in stock,new,13.00 AED,https://yourwebsite.com/menu/503406,http://43.205.113.48/iposapi/images/Cat72.png,Restaurant,100,,,,,all ages,,,,,503406,,,
503401,MAC MINI CARAMEL,MAC MINI CARAMEL from Macarons category,in stock,new,13.00 AED,https://yourwebsite.com/menu/503401,http://43.205.113.48/iposapi/images/Cat72.png,Restaurant,100,,,,,all ages,,,,,503401,,,
503402,MAC MINI CHOCOLATE,MAC MINI CHOCOLATE from Macarons category,in stock,new,13.00 AED,https://yourwebsite.com/menu/503402,http://43.205.113.48/iposapi/images/Cat72.png,Restaurant,100,,,,,all ages,,,,,503402,,,
503403,MAC MINI COFFEE,MAC MINI COFFEE from Macarons category,in stock,new,13.00 AED,https://yourwebsite.com/menu/503403,http://43.205.113.48/iposapi/images/Cat72.png,Restaurant,100,,,,,all ages,,,,,503403,,,
503423,Mac mini ginger bread,Mac mini ginger bread from Macarons category,in stock,new,13.00 AED,https://yourwebsite.com/menu/503423,http://43.205.113.48/iposapi/images/Cat72.png,Restaurant,100,,,,,all ages,,,,,503423,,,
503405,MAC MINI LEMON,MAC MINI LEMON from Macarons category,in stock,new,13.00 AED,https://yourwebsite.com/menu/503405,http://43.205.113.48/iposapi/images/Cat72.png,Restaurant,100,,,,,all ages,,,,,503405,,,
503409,MAC MINI MARIA ANTOINETTE,MAC MINI MARIA ANTOINETTE from Macarons category,in stock,new,13.00 AED,https://yourwebsite.com/menu/503409,http://43.205.113.48/iposapi/images/Cat72.png,Restaurant,100,,,,,all ages,,,,,503409,,,
503407,MAC MINI ORANGE BLOSSOM,MAC MINI ORANGE BLOSSOM from Macarons category,in stock,new,13.00 AED,https://yourwebsite.com/menu/503407,http://43.205.113.48/iposapi/images/Cat72.png,Restaurant,100,,,,,all ages,,,,,503407,,,
503408,MAC MINI PISTACHIO,MAC MINI PISTACHIO from Macarons category,in stock,new,13.00 AED,https://yourwebsite.com/menu/503408,http://43.205.113.48/iposapi/images/Cat72.png,Restaurant,100,,,,,all ages,,,,,503408,,,
503415,MAC MINI RASPBERRY,MAC MINI RASPBERRY from Macarons category,in stock,new,13.00 AED,https://yourwebsite.com/menu/503415,http://43.205.113.48/iposapi/images/Cat72.png,Restaurant,100,,,,,all ages,,,,,503415,,,
503404,MAC MINI ROSE PETAL,MAC MINI ROSE PETAL from Macarons category,in stock,new,13.00 AED,https://yourwebsite.com/menu/503404,http://43.205.113.48/iposapi/images/Cat72.png,Restaurant,100,,,,,all ages,,,,,503404,,,
503422,Macaron Pop corn,Macaron Pop corn from Macarons category,in stock,new,13.00 AED,https://yourwebsite.com/menu/503422,http://43.205.113.48/iposapi/images/Cat72.png,Restaurant,100,,,,,all ages,,,,,503422,,,
70001,Printed Mac,Printed Mac from Macarons category,in stock,new,3.00 AED,https://yourwebsite.com/menu/70001,http://43.205.113.48/iposapi/images/Cat72.png,Restaurant,100,,,,,all ages,,,,,70001,,,
503424,Vegan Cherry Mac mini,Vegan Cherry Mac mini from Macarons category,in stock,new,13.00 AED,https://yourwebsite.com/menu/503424,http://43.205.113.48/iposapi/images/Cat72.png,Restaurant,100,,,,,all ages,,,,,503424,,,
200012,CARAMEL SOFT JAM 230,CARAMEL SOFT JAM 230 from Honey & Jams category,in stock,new,39.00 AED,https://yourwebsite.com/menu/200012,http://43.205.113.48/iposapi/images/Cat92.png,Restaurant,100,,,,,all ages,,,,,200012,,,
200013,CHESTNUT CREAM JAM 2,CHESTNUT CREAM JAM 2 from Honey & Jams category,in stock,new,39.00 AED,https://yourwebsite.com/menu/200013,http://43.205.113.48/iposapi/images/Cat92.png,Restaurant,100,,,,,all ages,,,,,200013,,,
200015,HONEY ACACIA 250G,HONEY ACACIA 250G from Honey & Jams category,in stock,new,59.00 AED,https://yourwebsite.com/menu/200015,http://43.205.113.48/iposapi/images/Cat92.png,Restaurant,100,,,,,all ages,,,,,200015,,,
200016,HONEY ALL FLOWERS 23,HONEY ALL FLOWERS 23 from Honey & Jams category,in stock,new,59.00 AED,https://yourwebsite.com/menu/200016,http://43.205.113.48/iposapi/images/Cat92.png,Restaurant,100,,,,,all ages,,,,,200016,,,
200017,HONEY CHESTNUT TREE,HONEY CHESTNUT TREE from Honey & Jams category,in stock,new,59.00 AED,https://yourwebsite.com/menu/200017,http://43.205.113.48/iposapi/images/Cat92.png,Restaurant,100,,,,,all ages,,,,,200017,,,
200019,HONEY FOREST 250G,HONEY FOREST 250G from Honey & Jams category,in stock,new,59.00 AED,https://yourwebsite.com/menu/200019,http://43.205.113.48/iposapi/images/Cat92.png,Restaurant,100,,,,,all ages,,,,,200019,,,
200020,Honey Small,Honey Small from Honey & Jams category,in stock,new,9.00 AED,https://yourwebsite.com/menu/200020,http://43.205.113.48/iposapi/images/Cat92.png,Restaurant,100,,,,,all ages,,,,,200020,,,
200018,MIEL DE SAPIN 250G,MIEL DE SAPIN 250G from Honey & Jams category,in stock,new,59.00 AED,https://yourwebsite.com/menu/200018,http://43.205.113.48/iposapi/images/Cat92.png,Restaurant,100,,,,,all ages,,,,,200018,,,
102206,PRESERVE JASMINE JAM,PRESERVE JASMINE JAM from Honey & Jams category,in stock,new,55.00 AED,https://yourwebsite.com/menu/102206,http://43.205.113.48/iposapi/images/Cat92.png,Restaurant,100,,,,,all ages,,,,,102206,,,
200099,PRESERVED ROSE PETAL 240G,PRESERVED ROSE PETAL 240G from Honey & Jams category,in stock,new,55.00 AED,https://yourwebsite.com/menu/200099,http://43.205.113.48/iposapi/images/Cat92.png,Restaurant,100,,,,,all ages,,,,,200099,,,
200014,RASPBERRY JAM 230G,RASPBERRY JAM 230G from Honey & Jams category,in stock,new,45.00 AED,https://yourwebsite.com/menu/200014,http://43.205.113.48/iposapi/images/Cat92.png,Restaurant,100,,,,,all ages,,,,,200014,,,
200021,Raspberry Jam Small,Raspberry Jam Small from Honey & Jams category,in stock,new,9.00 AED,https://yourwebsite.com/menu/200021,http://43.205.113.48/iposapi/images/Cat92.png,Restaurant,100,,,,,all ages,,,,,200021,,,
200100,RED ROSE PETALS 250GM,RED ROSE PETALS 250GM from Honey & Jams category,in stock,new,55.00 AED,https://yourwebsite.com/menu/200100,http://43.205.113.48/iposapi/images/Cat92.png,Restaurant,100,,,,,all ages,,,,,200100,,,
200022,STRAWBERRY JAM 230G,STRAWBERRY JAM 230G from Honey & Jams category,in stock,new,45.00 AED,https://yourwebsite.com/menu/200022,http://43.205.113.48/iposapi/images/Cat92.png,Restaurant,100,,,,,all ages,,,,,200022,,,
200023,STRAWBERRY JAM SMALL,STRAWBERRY JAM SMALL from Honey & Jams category,in stock,new,9.00 AED,https://yourwebsite.com/menu/200023,http://43.205.113.48/iposapi/images/Cat92.png,Restaurant,100,,,,,all ages,,,,,200023,,,
500805,Coca-cola,Coca-cola from Water & Soda category,in stock,new,25.00 AED,https://yourwebsite.com/menu/500805,http://43.205.113.48/iposapi/images/Cat102.png,Restaurant,100,,,,,all ages,,,,,500805,,,
500806,Coca-cola light,Coca-cola light from Water & Soda category,in stock,new,25.00 AED,https://yourwebsite.com/menu/500806,http://43.205.113.48/iposapi/images/Cat102.png,Restaurant,100,,,,,all ages,,,,,500806,,,
500817,Eira Large Sparkling,Eira Large Sparkling from Water & Soda category,in stock,new,29.00 AED,https://yourwebsite.com/menu/500817,http://43.205.113.48/iposapi/images/Cat102.png,Restaurant,100,,,,,all ages,,,,,500817,,,
500815,Eira Large Still,Eira Large Still from Water & Soda category,in stock,new,29.00 AED,https://yourwebsite.com/menu/500815,http://43.205.113.48/iposapi/images/Cat102.png,Restaurant,100,,,,,all ages,,,,,500815,,,
102210,Eira pet,Eira pet from Water & Soda category,in stock,new,10.00 AED,https://yourwebsite.com/menu/102210,http://43.205.113.48/iposapi/images/Cat102.png,Restaurant,100,,,,,all ages,,,,,102210,,,
500816,Eira Small Sparkling,Eira Small Sparkling from Water & Soda category,in stock,new,19.00 AED,https://yourwebsite.com/menu/500816,http://43.205.113.48/iposapi/images/Cat102.png,Restaurant,100,,,,,all ages,,,,,500816,,,
500814,Eira Small Still,Eira Small Still from Water & Soda category,in stock,new,19.00 AED,https://yourwebsite.com/menu/500814,http://43.205.113.48/iposapi/images/Cat102.png,Restaurant,100,,,,,all ages,,,,,500814,,,
500801,Evian 330 ml,Evian 330 ml from Water & Soda category,in stock,new,19.00 AED,https://yourwebsite.com/menu/500801,http://43.205.113.48/iposapi/images/Cat102.png,Restaurant,100,,,,,all ages,,,,,500801,,,
500802,Evian 750 ml,Evian 750 ml from Water & Soda category,in stock,new,29.00 AED,https://yourwebsite.com/menu/500802,http://43.205.113.48/iposapi/images/Cat102.png,Restaurant,100,,,,,all ages,,,,,500802,,,
500807,Ginger Ale,Ginger Ale from Water & Soda category,in stock,new,25.00 AED,https://yourwebsite.com/menu/500807,http://43.205.113.48/iposapi/images/Cat102.png,Restaurant,100,,,,,all ages,,,,,500807,,,
102226,Orange & carrot juic,Orange & carrot juic from Water & Soda category,in stock,new,39.00 AED,https://yourwebsite.com/menu/102226,http://43.205.113.48/iposapi/images/Cat102.png,Restaurant,100,,,,,all ages,,,,,102226,,,
500808,Scheppers Soda,Scheppers Soda from Water & Soda category,in stock,new,19.00 AED,https://yourwebsite.com/menu/500808,http://43.205.113.48/iposapi/images/Cat102.png,Restaurant,100,,,,,all ages,,,,,500808,,,
102228,Tropical juice,Tropical juice from Water & Soda category,in stock,new,39.00 AED,https://yourwebsite.com/menu/102228,http://43.205.113.48/iposapi/images/Cat102.png,Restaurant,100,,,,,all ages,,,,,102228,,,
200095,Tea Bag  B. Garden,Tea Bag  B. Garden from Teabag category,in stock,new,105.00 AED,https://yourwebsite.com/menu/200095,http://43.205.113.48/iposapi/images/Cat212.png,Restaurant,100,,,,,all ages,,,,,200095,,,
200093,Tea Bag  Breakfast,Tea Bag  Breakfast from Teabag category,in stock,new,105.00 AED,https://yourwebsite.com/menu/200093,http://43.205.113.48/iposapi/images/Cat212.png,Restaurant,100,,,,,all ages,,,,,200093,,,
200094,Tea Bag  Marie Antoi,Tea Bag  Marie Antoi from Teabag category,in stock,new,105.00 AED,https://yourwebsite.com/menu/200094,http://43.205.113.48/iposapi/images/Cat212.png,Restaurant,100,,,,,all ages,,,,,200094,,,
200096,Tea bag Earl grey,Tea bag Earl grey from Teabag category,in stock,new,105.00 AED,https://yourwebsite.com/menu/200096,http://43.205.113.48/iposapi/images/Cat212.png,Restaurant,100,,,,,all ages,,,,,200096,,,
200097,Tea bag laduree Blen,Tea bag laduree Blen from Teabag category,in stock,new,105.00 AED,https://yourwebsite.com/menu/200097,http://43.205.113.48/iposapi/images/Cat212.png,Restaurant,100,,,,,all ages,,,,,200097,,,
200098,Tea Bag Roi Soleil,Tea Bag Roi Soleil from Teabag category,in stock,new,105.00 AED,https://yourwebsite.com/menu/200098,http://43.205.113.48/iposapi/images/Cat212.png,Restaurant,100,,,,,all ages,,,,,200098,,,
300079,GALETTE (INDIVIDUAL),GALETTE (INDIVIDUAL) from Cake category,in stock,new,25.00 AED,https://yourwebsite.com/menu/300079,http://43.205.113.48/iposapi/images/Cat222.png,Restaurant,100,,,,,all ages,,,,,300079,,,
503201,Lemon Cake,Lemon Cake from Cake category,in stock,new,19.00 AED,https://yourwebsite.com/menu/503201,http://43.205.113.48/iposapi/images/Cat222.png,Restaurant,100,,,,,all ages,,,,,503201,,,
503206,Pistachio Orange Cak,Pistachio Orange Cak from Cake category,in stock,new,19.00 AED,https://yourwebsite.com/menu/503206,http://43.205.113.48/iposapi/images/Cat222.png,Restaurant,100,,,,,all ages,,,,,503206,,,
503202,Rose Cake,Rose Cake from Cake category,in stock,new,19.00 AED,https://yourwebsite.com/menu/503202,http://43.205.113.48/iposapi/images/Cat222.png,Restaurant,100,,,,,all ages,,,,,503202,,,
A001032,sweets,sweets from Cake category,in stock,new,50.00 AED,https://yourwebsite.com/menu/A001032,http://43.205.113.48/iposapi/images/Cat222.png,Restaurant,100,,,,,all ages,,,,,A001032,,,
503312,Choco MiniPista Croi,Choco MiniPista Croi from Croissants category,in stock,new,7.00 AED,https://yourwebsite.com/menu/503312,http://43.205.113.48/iposapi/images/Cat242.png,Restaurant,100,,,,,all ages,,,,,503312,,,
503303,Chocolate croissant,Chocolate croissant from Croissants category,in stock,new,15.00 AED,https://yourwebsite.com/menu/503303,http://43.205.113.48/iposapi/images/Cat242.png,Restaurant,100,,,,,all ages,,,,,503303,,,
503311,Chocolate Pista Croi,Chocolate Pista Croi from Croissants category,in stock,new,15.00 AED,https://yourwebsite.com/menu/503311,http://43.205.113.48/iposapi/images/Cat242.png,Restaurant,100,,,,,all ages,,,,,503311,,,
503301,Ladurée croissant,Ladurée croissant from Croissants category,in stock,new,12.00 AED,https://yourwebsite.com/menu/503301,http://43.205.113.48/iposapi/images/Cat242.png,Restaurant,100,,,,,all ages,,,,,503301,,,
503308,Mini chocolate croissant,Mini chocolate croissant from Croissants category,in stock,new,7.00 AED,https://yourwebsite.com/menu/503308,http://43.205.113.48/iposapi/images/Cat242.png,Restaurant,100,,,,,all ages,,,,,503308,,,
503310,Mini rose croissant,Mini rose croissant from Croissants category,in stock,new,7.00 AED,https://yourwebsite.com/menu/503310,http://43.205.113.48/iposapi/images/Cat242.png,Restaurant,100,,,,,all ages,,,,,503310,,,
503309,Mini zaatar croissant,Mini zaatar croissant from Croissants category,in stock,new,7.00 AED,https://yourwebsite.com/menu/503309,http://43.205.113.48/iposapi/images/Cat242.png,Restaurant,100,,,,,all ages,,,,,503309,,,
503306,Plain Mini croissant,Plain Mini croissant from Croissants category,in stock,new,6.00 AED,https://yourwebsite.com/menu/503306,http://43.205.113.48/iposapi/images/Cat242.png,Restaurant,100,,,,,all ages,,,,,503306,,,
503305,Rose croissant,Rose croissant from Croissants category,in stock,new,15.00 AED,https://yourwebsite.com/menu/503305,http://43.205.113.48/iposapi/images/Cat242.png,Restaurant,100,,,,,all ages,,,,,503305,,,
503304,Zaatar croissant,Zaatar croissant from Croissants category,in stock,new,15.00 AED,https://yourwebsite.com/menu/503304,http://43.205.113.48/iposapi/images/Cat242.png,Restaurant,100,,,,,all ages,,,,,503304,,,
300044,Caroline Milk chocol,Caroline Milk chocol from Petit Fours category,in stock,new,10.00 AED,https://yourwebsite.com/menu/300044,http://43.205.113.48/iposapi/images/Cat272.png,Restaurant,100,,,,,all ages,,,,,300044,,,
300033,Caroline Vanilla,Caroline Vanilla from Petit Fours category,in stock,new,10.00 AED,https://yourwebsite.com/menu/300033,http://43.205.113.48/iposapi/images/Cat272.png,Restaurant,100,,,,,all ages,,,,,300033,,,
300045,Chou Coconut,Chou Coconut from Petit Fours category,in stock,new,10.00 AED,https://yourwebsite.com/menu/300045,http://43.205.113.48/iposapi/images/Cat272.png,Restaurant,100,,,,,all ages,,,,,300045,,,
300020,DELICE CHOCOLAT AMER,DELICE CHOCOLAT AMER from Petit Fours category,in stock,new,10.00 AED,https://yourwebsite.com/menu/300020,http://43.205.113.48/iposapi/images/Cat272.png,Restaurant,100,,,,,all ages,,,,,300020,,,
300021,DELICE CHOCOLAT FRAM,DELICE CHOCOLAT FRAM from Petit Fours category,in stock,new,10.00 AED,https://yourwebsite.com/menu/300021,http://43.205.113.48/iposapi/images/Cat272.png,Restaurant,100,,,,,all ages,,,,,300021,,,
300022,DELICE PISTACHE,DELICE PISTACHE from Petit Fours category,in stock,new,10.00 AED,https://yourwebsite.com/menu/300022,http://43.205.113.48/iposapi/images/Cat272.png,Restaurant,100,,,,,all ages,,,,,300022,,,
300023,DELICE ROSE,DELICE ROSE from Petit Fours category,in stock,new,10.00 AED,https://yourwebsite.com/menu/300023,http://43.205.113.48/iposapi/images/Cat272.png,Restaurant,100,,,,,all ages,,,,,300023,,,
300024,DELICE VANILLE,DELICE VANILLE from Petit Fours category,in stock,new,10.00 AED,https://yourwebsite.com/menu/300024,http://43.205.113.48/iposapi/images/Cat272.png,Restaurant,100,,,,,all ages,,,,,300024,,,
300034,Plaisir sucre Petit,Plaisir sucre Petit from Petit Fours category,in stock,new,10.00 AED,https://yourwebsite.com/menu/300034,http://43.205.113.48/iposapi/images/Cat272.png,Restaurant,100,,,,,all ages,,,,,300034,,,
300046,Rose Raspberry Chou,Rose Raspberry Chou from Petit Fours category,in stock,new,10.00 AED,https://yourwebsite.com/menu/300046,http://43.205.113.48/iposapi/images/Cat272.png,Restaurant,100,,,,,all ages,,,,,300046,,,
300035,Salambo Pistachio,Salambo Pistachio from Petit Fours category,in stock,new,10.00 AED,https://yourwebsite.com/menu/300035,http://43.205.113.48/iposapi/images/Cat272.png,Restaurant,100,,,,,all ages,,,,,300035,,,
300026,TARTELETTE CITRON,TARTELETTE CITRON from Petit Fours category,in stock,new,10.00 AED,https://yourwebsite.com/menu/300026,http://43.205.113.48/iposapi/images/Cat272.png,Restaurant,100,,,,,all ages,,,,,300026,,,
300027,Tartelette framboise,Tartelette framboise from Petit Fours category,in stock,new,10.00 AED,https://yourwebsite.com/menu/300027,http://43.205.113.48/iposapi/images/Cat272.png,Restaurant,100,,,,,all ages,,,,,300027,,,
300025,TARTELETTE PASSION,TARTELETTE PASSION from Petit Fours category,in stock,new,10.00 AED,https://yourwebsite.com/menu/300025,http://43.205.113.48/iposapi/images/Cat272.png,Restaurant,100,,,,,all ages,,,,,300025,,,
503518,Chestnut Ice cream,Chestnut Ice cream from Ice Cream Scoop category,in stock,new,15.00 AED,https://yourwebsite.com/menu/503518,http://43.205.113.48/iposapi/images/Cat582.png,Restaurant,100,,,,,all ages,,,,,503518,,,
503526,Chocolate Ice cream,Chocolate Ice cream from Ice Cream Scoop category,in stock,new,15.00 AED,https://yourwebsite.com/menu/503526,http://43.205.113.48/iposapi/images/Cat582.png,Restaurant,100,,,,,all ages,,,,,503526,,,
503520,CoffeeIce cream,CoffeeIce cream from Ice Cream Scoop category,in stock,new,15.00 AED,https://yourwebsite.com/menu/503520,http://43.205.113.48/iposapi/images/Cat582.png,Restaurant,100,,,,,all ages,,,,,503520,,,
503521,Pistachio Ice cream,Pistachio Ice cream from Ice Cream Scoop category,in stock,new,15.00 AED,https://yourwebsite.com/menu/503521,http://43.205.113.48/iposapi/images/Cat582.png,Restaurant,100,,,,,all ages,,,,,503521,,,
503525,Raspberry Ice cream,Raspberry Ice cream from Ice Cream Scoop category,in stock,new,15.00 AED,https://yourwebsite.com/menu/503525,http://43.205.113.48/iposapi/images/Cat582.png,Restaurant,100,,,,,all ages,,,,,503525,,,
503523,Rose Petal Ice cream,Rose Petal Ice cream from Ice Cream Scoop category,in stock,new,15.00 AED,https://yourwebsite.com/menu/503523,http://43.205.113.48/iposapi/images/Cat582.png,Restaurant,100,,,,,all ages,,,,,503523,,,
503522,Salted Caramel Ice cream,Salted Caramel Ice cream from Ice Cream Scoop category,in stock,new,15.00 AED,https://yourwebsite.com/menu/503522,http://43.205.113.48/iposapi/images/Cat582.png,Restaurant,100,,,,,all ages,,,,,503522,,,
503519,Vanilla Ice cream,Vanilla Ice cream from Ice Cream Scoop category,in stock,new,15.00 AED,https://yourwebsite.com/menu/503519,http://43.205.113.48/iposapi/images/Cat582.png,Restaurant,100,,,,,all ages,,,,,503519,,,
502138,Caramelised hazulnuts,Caramelised hazulnuts from Extra's and Toppings category,in stock,new,5.00 AED,https://yourwebsite.com/menu/502138,http://43.205.113.48/iposapi/images/Cat632.png,Restaurant,100,,,,,all ages,,,,,502138,,,
502132,Chestnut fragments topping,Chestnut fragments topping from Extra's and Toppings category,in stock,new,15.00 AED,https://yourwebsite.com/menu/502132,http://43.205.113.48/iposapi/images/Cat632.png,Restaurant,100,,,,,all ages,,,,,502132,,,
502128,Green Beans Topping,Green Beans Topping from Extra's and Toppings category,in stock,new,5.00 AED,https://yourwebsite.com/menu/502128,http://43.205.113.48/iposapi/images/Cat632.png,Restaurant,100,,,,,all ages,,,,,502128,,,
502139,Gruere Cheese,Gruere Cheese from Extra's and Toppings category,in stock,new,9.00 AED,https://yourwebsite.com/menu/502139,http://43.205.113.48/iposapi/images/Cat632.png,Restaurant,100,,,,,all ages,,,,,502139,,,
502131,Hot chocolate topping,Hot chocolate topping from Extra's and Toppings category,in stock,new,9.00 AED,https://yourwebsite.com/menu/502131,http://43.205.113.48/iposapi/images/Cat632.png,Restaurant,100,,,,,all ages,,,,,502131,,,
502137,Lychees,Lychees from Extra's and Toppings category,in stock,new,5.00 AED,https://yourwebsite.com/menu/502137,http://43.205.113.48/iposapi/images/Cat632.png,Restaurant,100,,,,,all ages,,,,,502137,,,
502141,Mozzaella cheese,Mozzaella cheese from Extra's and Toppings category,in stock,new,9.00 AED,https://yourwebsite.com/menu/502141,http://43.205.113.48/iposapi/images/Cat632.png,Restaurant,100,,,,,all ages,,,,,502141,,,
502129,Onion Topping,Onion Topping from Extra's and Toppings category,in stock,new,5.00 AED,https://yourwebsite.com/menu/502129,http://43.205.113.48/iposapi/images/Cat632.png,Restaurant,100,,,,,all ages,,,,,502129,,,
502140,Parmesan Cheese,Parmesan Cheese from Extra's and Toppings category,in stock,new,9.00 AED,https://yourwebsite.com/menu/502140,http://43.205.113.48/iposapi/images/Cat632.png,Restaurant,100,,,,,all ages,,,,,502140,,,
502134,Raspberry coulis,Raspberry coulis from Extra's and Toppings category,in stock,new,9.00 AED,https://yourwebsite.com/menu/502134,http://43.205.113.48/iposapi/images/Cat632.png,Restaurant,100,,,,,all ages,,,,,502134,,,
502136,Raspberry fruits,Raspberry fruits from Extra's and Toppings category,in stock,new,9.00 AED,https://yourwebsite.com/menu/502136,http://43.205.113.48/iposapi/images/Cat632.png,Restaurant,100,,,,,all ages,,,,,502136,,,
502133,Strawberry coulis,Strawberry coulis from Extra's and Toppings category,in stock,new,9.00 AED,https://yourwebsite.com/menu/502133,http://43.205.113.48/iposapi/images/Cat632.png,Restaurant,100,,,,,all ages,,,,,502133,,,
502135,Strawberry Fruit,Strawberry Fruit from Extra's and Toppings category,in stock,new,9.00 AED,https://yourwebsite.com/menu/502135,http://43.205.113.48/iposapi/images/Cat632.png,Restaurant,100,,,,,all ages,,,,,502135,,,
502130,Tomato Concasse,Tomato Concasse from Extra's and Toppings category,in stock,new,5.00 AED,https://yourwebsite.com/menu/502130,http://43.205.113.48/iposapi/images/Cat632.png,Restaurant,100,,,,,all ages,,,,,502130,,,
502124,Truffle /parmesan for fries,Truffle /parmesan for fries from Extra's and Toppings category,in stock,new,19.00 AED,https://yourwebsite.com/menu/502124,http://43.205.113.48/iposapi/images/Cat632.png,Restaurant,100,,,,,all ages,,,,,502124,,,
502126,Truffle fresh,Truffle fresh from Extra's and Toppings category,in stock,new,25.00 AED,https://yourwebsite.com/menu/502126,http://43.205.113.48/iposapi/images/Cat632.png,Restaurant,100,,,,,all ages,,,,,502126,,,
502125,Truffle paste,Truffle paste from Extra's and Toppings category,in stock,new,25.00 AED,https://yourwebsite.com/menu/502125,http://43.205.113.48/iposapi/images/Cat632.png,Restaurant,100,,,,,all ages,,,,,502125,,,
500612,Lemon Juice,Lemon Juice from Juices category,in stock,new,29.00 AED,https://yourwebsite.com/menu/500612,http://43.205.113.48/iposapi/images/Item9812.png,Restaurant,100,,,,,all ages,,,,,500612,,,
A001034,Water 1 Ltr,Water 1 Ltr from Juices category,in stock,new,2.00 AED,https://yourwebsite.com/menu/A001034,http://43.205.113.48/iposapi/images/Item10342.png,Restaurant,100,,,,,all ages,,,,,A001034,,,
A001035,Watermelon,Watermelon from Juices category,in stock,new,15.00 AED,https://yourwebsite.com/menu/A001035,http://43.205.113.48/iposapi/images/Item10352.png,Restaurant,100,,,,,all ages,,,,,A001035,,,
A001039,mysore masala dosa,crazy masala dosa!!!,in stock,new,60.00 AED,https://yourwebsite.com/menu/A001039,http://43.205.113.48/iposapi/images/Item10392.png,Restaurant,100,,,,,all ages,,,,,A001039,,,
A001040,Fries normal,Fries normal from fries and dips category,in stock,new,5.00 AED,https://yourwebsite.com/menu/A001040,http://43.205.113.48/iposapi/images/Item10402.png,Restaurant,100,,,,,all ages,,,,,A001040,,,
A001052,Corn Flakes Breaded Chicken Nuggets,Served with Cucumber | Carrot | French Fries,in stock,new,21.00 AED,https://yourwebsite.com/menu/A001052,http://43.205.113.48/iposapi/images/Item10522.png,Restaurant,100,,,,,all ages,,,,,A001052,,,
